,Aroma,Appearance,Flavor,Mouthfeel,Overall
1,0.24632694252843104,0.2053809436544575,0.17417576824506942,0.14269498200548972,0.22421641858950367
0,0.5388261129363101,0.4443790710101604,0.3820483252808201,0.2926035561975856,0.4877593925843674
2,0.8122284331975431,0.6977993771630094,0.6101085775263513,0.5191125217393584,0.7542322478644315
